{
    "name": "i18n",
    "title": "jQuery i18n",
    "description": "Makes internationalization simpler as it is.",
    "keywords": [
        "translate",
        "translation",
        "internationalization",
        "i18n",
        "language"
    ],
    "version": "0.0.1",
    "author": {
        "name": "Yannick Albert",
        "url": "https://github.com/yckart"
    },
    "licenses": [
        {
            "type": "MIT",
            "url": "http://yckart.com/mit/"
        }
    ],
    "homepage": "http://yckart.github.com/jquery.i18n.js",
    "demo": "http://yckart.github.com/jquery.i18n.js",
    "docs": "https://github.com/yckart/jquery.i18n.js",
    "bugs": "https://github.com/yckart/jquery.i18n.js/issues",
    "dependencies": {
        "jquery": ">=1.8"
    }
}